peptide,preference_score,binding
N[C@H](C)C(=O)N[C@@H]([C@H](CCC(C)C)C(=O)N[C@@H](Cc1ccccc1)C(=O)N[C@@H](CO)C(=O)N[C@@H](CC)C(=O)N[C@@H](CS)C(=O)N[C@@H](Cc1ccc(O)cc1)C(=O)NCC(=O)N[C@@H](CC(=O)O)C(=O)N[C@@H](CC(=O)N)C(=O)N[C@H](CCC(=O)N)C(=O)N[C@@H](CCC(=O)NC)C(=O)[C@@H](CC1=CN=C-N1)C(=O)N[C@@H](CCC(=O)N)C(=O)N[C@@H](CCCNC(=N)N)C(=O)N[C@@H](Cc1ccc(O)cc1)C(=O)NNCC(=O)N[C@H](CC1=CN=C-N1)C(=O)N[C@@H](C(C)C)C(=O)NCC(=O)N[C@H](CCC(=O)N)C(=O)N[C@@H](Cc1ccccc1)C(=O)N[C@@H](CCC(=O)NCC(=O)NCC(=O)N[C@@H](CCC3(=O))C(=O)N[C@@H](Cc1ccc(O)cc1)C(=O)N[C@@H](CCCNC(=N)N)C(=O)N[C@@H](CCC(=O)O)C(=O)N[C@@H](CC(=O)O)C(=O)N[C@@H](CO)C(=O)N[C@@H](CC(=CN2)C1=C2C=CC=C1)C(=O)N[C@@H](CC(C)C)C(=O)N[C@H](CS)C(=O)N[C@@H]([C@H](C)O)C(=O)N[C@H](CC(=O)O)C(=O)N[C@@H](C(C)C)C(=O)N[C@@H](C(C)C)C(=O)N[C@@H](CCSC)C(=O)N[C@@H](CS)C(=O)N[C@@H](Cc1ccccc1)C(=O)N[C@@H](Cc1c(O)[nH]c2c1cccc2)C(=O)N[C@@H](CC(=CN2)C1=C2C=CC=C1)C(=O)NCC(=O)N[C@@H](Cc1ccc(O)cc1)C(=O)N[C@@H](CCC(=O)N)C(=O)N[C@@H]([C@H]([C@@H](C)O)C)C(=O)N[C@@H](CCC(=O)O)C(=O)N[C@@H](CCCCN)C(=O)N[C@@H](CCC(C)C)C(=O)N[C@@H]([C@H](CC)C)C(=O)N[C@@H](CC1=CN=C-N1)C(=O)NCC(=O)NCC(=O)N[C@@H](CCCNC(=N)N)C(=O)N[C@@H](CCSC)C(=O)N[C@@H](CC(=O)O)C(=O)N[C@@H](C(C)C)C(=O)N[C@@H]([C@H](O3)C)C(=O)N[C@@H](CS)C(=O)N[C@@H](CCCCN)C(=O)N1[C@@H](CCC1)C(=O)N[C@@H](CCN)C(=O)N[C@@H](C)C(=O)NCC(=O)NCC(=O)N[C@@H](CC(C)C)C(=O)N[C@@H](C)C(=O)N[C@@H]([C@H](O)C(C)C)C(=O)N1[C@@H](CCC1)C(=O)N[C@@H](Cc1ccc(O3)cc1)C(=O)O,-0.11596493,0.341
N[C@@H](C)C(=O)N[C@@H](CC1=CN=C-N1)C(=O)N[C@@H](CC(=O)O)C(=O)N[C@@H](CCCNC(=N)N)C(=O)N1[C@@H](CCC1)C(=O)NCC(=O)N[C@H](CC(=O)NC)C(=O)N[C@@H](CCC(=O)N)C(=O)N[C@@H](CC(C)C)C(=O)N[C@@H](CCCCN)C(=O)NCC(=O)N[C@@H](CCSC)C(=O)N[C@@H](CCSC)C(=O)N[C@@H](CS3)C(=O)N[C@@H](CCCNC(=N)N)C(=O)N[C@@H](Cc1cccc(c1)C(=N)N)C(=O)N[C@@H](CC1=CN=C-N1)C(=O)NCC(=O)N[C@@H](CC1=CN=C-N1)C(=O)N[C@@H]([C@H](O)C)C(=O)N[C@@H](CCC(=O)N)C(=O)N(C)[C@@H]([C@H](CC)C)C(=O)N[C@H]([C@@H](O)C)C(=O)N[C@H]([C@H](C))C(=O)N[C@@H](CO)C(=O)N[C@@H](CCC(=O)N)C(=O)NC(C(=O)O)C(=O)N[C@@H]([C@H](CC)C)C(=O)N[C@@H](CC(=O)O)C(=O)N[C@@H](CCCCN)C(=O)N[C@@H](CCC(=O)O)C(=O)N[C@@H](CCCNC(=N)N)C(=O)N[C@@H]([C@H](CC)C)C(=O)N[C@H](CS3)C(=O)N[C@@H](Cc1ccc(O)cc1)C(=O)N[C@@H](CCCCNOCCO(OCCOC)C(=O)N[C@H](CC1=CN=C-N1)C(=O)N[C@@H](Cc1ccc(O)cc1)C(=O)N[C@@H](CCCCC)C(=O)N[C@@H](C(C)C)C(=O)N[C@@H](CCC(=O)O)C(=O)N[C@H](C(C)(C)C)C(=O)N(C)[C@@H](CC(=CN2)C1=C2C=CC=C1)C(=O)N[C@@H](CC(=CN2)C1=C2C=CC=C1)C(=O)N[C@@H](CC(=O)N)C(=O)N[C@@H](CCC(=O)N)C(=O)N[C@@H](CC1=CN=C-N1)C(=O)N[C@@H](CCC(=O)O)C(=O)N[C@@H](C(C)C)C(=O)N[C@@H]([C@H](CC)C)C(=O)N[C@@H]([C@H](C)CC(=O)O)C(=O)N1[C@@H](CCC1)C(=O)N[C@@H](CC(C)C)C(=O)N[C@@H](CCCNC(=N)N)C(=O)N[C@@H](C(C)C)C(=O)NCC(=O)NCC(=O)N[C@@H](CC(=O)O)C(=O)N[C@@H](CCSC)C(=O)N[C@@H](CC1=CN=C-N1)C(=O)N[C@@H](C)C(=O)N[C@@H](CCC(=O)N)C(=O)N[C@@H](Cc1cnc(F)N1)C(=O)N[C@@H](CCCCN)C(=O)O,-0.1200458,0.353
N[C@@H](CC(=O)O)C(=O)N1[C@H](CCC1)C(=O)N[C@@H](Cc1ccc(c(c1)O)O)C(=O)N[C@@H](CCC(=O)N)C(=O)N[C@@H](C(C)C)C(=O)N[C@@H]([C@H](CC)C)C(=O)N[C@@H](CCC(=O)O)C(=O)N[C@@H](CCC(=O)N)C(=O)N[C@@H]([C@H](O)C)C(=O)N1[C@H](CCC1)C(=O)N[C@@H](CC1=CN=C-N1)C(=O)N[C@@H](CC1=CN=C-1)C(=O)N[C@@H](CCC(=O)O)C(=O)N[C@@H](Cc1ccc(O)cc1)C(=O)N[C@H](CS2)C(=O)N[C@@H](CC(=O)N)C(=O)N[C@@H](Cc1ccc(O)cc1)C(=O)N[C@@H](C(O)O)C(=O)NC(=O)N[C@@H](Cc1ccccc1)C(=O)N[C@@H](CC(C)C)C(=O)N1[C@@H](CCC1)C(=O)N[C@@H](C)C(=O)N[C@@H](CC(=O)N)C(=O)N[C@@H](Cc1ccccc1)C(=O)N[C@@H](C)C(=O)N1[C@@H](CCC1)C(=O)N[C@@H](C)C(=O)N[C@@H](C(C)C)C(=O)N[C@@H](CCC(=O)N)C(=O)N[C@@H](C(C)C)C(=O)N[C@H](c1ccccc1)C(=O)N[C@H]([C@H](C)(C(=O)O))C(=O)N1[C@@H](CCC1)C(=O)N[C@@H](CCC(=O)N)C(=O)NCC(=O)N[C@@H](CCC(=O)O)C(=O)N[C@@H](CS)C(=O)N[C@@H](CCSC)C(=O)N[C@H](CC(=O)O)C(=O)N[C@@H](CCSC)C(=O)N[C@@H](C[S@](=O)C)C(=O)N[C@@H]([C@H](O)C)C(=O)N[C@@H](CCSC)C(=O)N[C@@H](CC(C)C)C(=O)N[C@@H](Cc1cc(I)c(c(c1)I))C(=O)N[C@@H](CC(=O)O)C(=O)N[C@@H]([C@H](CC)C)C(=O)NCC(=O)N[C@H](CC(=O)N)C(=O)N[C@H](CS2)C(=O)N[C@@H](CCO)C(=O)N[C@@H](CC(C)C)C(=O)NCC(=O)N[C@@H](C(C)C)C(=O)N[C@@H](CC1=CN=C-N1)C(=O)N[C@@H]([C@H](CC)C)C(=O)N[C@@H](CC(C)C)C(=O)NCC(=O)N[C@@H](CC(=CN=C-N1)C(=O)N1[C@@H](CCC1)C(=O)N[C@@H](CC1=CN=C-N1)C(=O)NCC(=O)N1[C@@H](CCC1)C(=O)NCC(=O)N[C@@H](CCSC)C(=O)N1[C@@H](CCC1)C(=O)N1[C@@H](CCC1)C(=O)N[C@@H](CC(=O)N)C(=O)N[C@@H](C)C(=O)N[C@@H](Cc1ccccc1)C(=O)N[C@@H](C,-0.12718734,0.374
NC(CCCCCCN)C(=O)N[C@@H](C(C)C)C(=O)N[C@@H](CCCC(=C))O)C)C(=O)N[C@H](CCSC)C(=O)N[C@@H](CC(=O)N)C(=O)N[C@@H](CC(=O)N)C(=O)N[C@@H](CCSC)C(=O)N[C@@H](Cc1ccccc1C(F)(F)F)C(=O)N[C@@H](C(C)C)C(=O)N1[C@@H](CCC1)C(=O)NCC(=O)NCC(=O)NCC(=O)N[C@@H](CCCNC(=N)N)C(=O)N[C@@H]([C@H](CC)C)C(=O)N[C@@H](CC(=O)O)C(=O)N[C@@H](C(C)C)C(=O)N[C@@H](CO)C(=O)N[C@@H](CCSC)C(=O)N[C@@H](CC1=CN=C-N1)C(=O)N1[C@@H](CCC1)C(=O)N[C@@H](Cc1ccc(O)cc1)C(=O)NCC(=O)N[C@@H](CC(=O)N)C(=O)N[C@@H](CS)C(=O)N[C@@H](C(CC)(C)C)C(=O)N1[C@@H](CCC1)C(=O)N[C@@H](CCCNC(=N)N)C(=O)N[C@H](CO)C(=O)N[C@@H](CCCNC(=N)N)C(=O)NCC(=O)N[C@@H](CCCCN)C(=O)N[C@@H]([C@H](CC)C)C(=O)N[C@@H](Cc1ccccc1)C(=O)N[C@H](CC1=CN=C-N1)C(=O)NCC(=O)N[C@H](CO)C(=O)N[C@@H](CCCCN)C(=O)N[C@H](CC1=CN=C-N1)C(=O)N[C@@H](CC1=CN=C-N1)C(=O)N[C@@H](CC(C)C)C(=O)N[C@@H]([C@H](CC)C)C(=O)N[C@@H](c1cscc1)C(=O)N[C@@H]([C@H](O)C)C(=O)N[C@@H]([C@H](CC)C)C(=O)N[C@@H](CC(=O)N)C(=O)N[C@@H](CC(=O)O)C(=O)N[C@@H](Cc1ccc2c(c1)cccc2)C(=O)N[C@@H](CCCCN)C(=O)N[C@@H](CC(=O)O)C(=O)N[C@@H](CCCNC(=N)N)C(=O)N[C@@H](CO)C(=O)NCC(=O)NCC(=O)N[C@@H](C(C)C))NCC(=O)NCC(=O)N[C@@H](CCCCN)C(=O)N[C@@H](CCC(=O)O)C(=O)NCC(=O)N[C@H]([C@@H](O)C)C(=O)N[C@@H](CCCCN)C(=O)N[C@@H](CCCNC(=N)N)C(=O)NC(C(=O)O)C(=O)N[C@@H](Cc1ccccc1)C(=O)N[C@@H]([C@H](CC)C)C(=O)NCC(=O)N[C@@H](CO)C(=O)N[C@@H](Cc1ccc(cc1)N)C(=O)N[C@@H](CC(=O)N)C(=O)[C@H][C@@H](CC1=CN=C-N1)C(=O)N[C@@H](Cc1cNc2c1ccc(c2)C)C(=O)N[C@@H](CC(C)C)C(=O)N[C@@H](CO)C(=O)O,-0.13092814,0.385
N3[C@H](CS)C(=O)N[C@H](CC(=O)O)C(=O)N[C@@H](CC(=CN2)C1=C2C=CC=C1)C(=O)N[C@@H](CS)C(=O)N[C@@H](Cc1ccc(O)cc1)C(=O)N[C@@H](CC1=CN=C-N1)C(=O)N[C@@H](CCC(=O)N)C(=O)N[C@@H](CC1=CN=C-N1)C(=O)N[C@@H](CC(=O)O)C(=O)N[C@@H](CC1=CN=C-N1)C(=O)NCC(=O)N[C@H](Cc1c[nH]c2c1cc(F)cc2)C(=O)N[C@@H](C[C@@H](C))C(=O)N[C@@H](CO)C(=O)N[C@@H](CCSC)C(=O)N[C@@H]([C@H](OP(=O)(O)O)C)C(=O)N[C@@H](CC(=O)N)C(=O)N[C@@H](CO)C(=O)N[C@@H]([C@H](O)C)C(=O)NCC(=O)NCC(=O)N[C@@H](CS)C(=O)N[C@@H]([C@H](CC)C)C(=O)N[C@@H](CC(C)C)C(=O)NCC(=O)(C(=O)O)C(=O)NCC(=O)N[C@@H](Cc1ccccc1)C(=O)NCC(=O)N[C@@H](Cc1ccc(O)cc1)C(=O)N[C@@H](CO)C(=O)N[C@@H](Cc1)C(=O)N[C@@H](C(C)C)C(=O)N[C@@H](C)C(=O)N[C@H](CC(=O)O)C(=O)N[C@@H](CC1=CN=C-N1)C(=O)N1[C@@H](CCC1)C(=O)N[C@@H](Cc1ccc(cc1)C(=N)N)C(=O)N[C@@H](CCCNC(=N)N)C(=O)N[C@@H](CS)C(=O)N[C@@H]([C@H](CC)C)C(=O)N1[C@@H](CCC1)C(=O)N[C@@H](CCSC)C(=O)N[C@@H](CS)C(=O)N[C@@H](Cc1ccccc1)C(=O)NCC(=O)N[C@@H](CC(=O)N)C(=O)N[C@@H](C)C(=O)NCC(=O)N[C@@H](CC(=O)N)C(=O)N[C@@H](c1cc(O)cc(c1)O)C(=O)N[C@@H](CC1=CN=C-N1)C(=O)NCC(=O)N[C@@H](Cc1ccccc1)C(=O)N[C@@H](CC(=O)O)C(=O)N[C@@H]([C@H](O)C)C(=O)N[C@@H](CCC(=O)N)C(=O)N[C@H](CCCNC(=N)N)C(=O)N1[C@@H](CCC1)C(=O)N[C@@H](CCCCN)C(=O)N[C@@H](Cc1ccco1)C(=O)N[C@@H](CCCNC(=N)N)C(=O)N[C@@H](CS)C(=O)N1[C@@H](CCC1)C(=O)N[C@@H](Cc1cccc(c1)F)C(=O)N[C@@H](C(C)C)C(=O)N[C@@H](CC1=CN=C-N1)C(=O)N[C@@H](Cc1ccc(O)cc1)C(=O)N[C@H](CC(=O)O)C(=O)NCC3(=O),-0.1339888,0.394
N[C@@H]([C@H](CC)C)C(=O)N[C@@H](CCC(=O)N)C(=O)NCC(=O)N1[C@@H](CCC1)C(=O)NCC(=O)N[C@@H](CO)C(=O)N[C@@H](CC)C(=O)N[C@@H]3(=O))C(=O)N[C@@H](CCC(=O)N)C(=O)N[C@@H](CCCNC(=N)N)C(=O)N[C@H](CO)C(=O)N[C@@H](C)ccc(CO)cc1)C(=O)N[C@@H](CC1=CN=C-N1)C(=O)NCC(=O)N[C@@H](CCC(=O)N)C(=O)N[C@@H](CCCCN)C(=O)N[C@@H](Cc1ccccc1)C(=O)C(C)C1(C)[C@@H](CCC2CCCN)C(=O)N[C@@H](Cc1ccccc1)C(=O)N[C@@H](C(C)C)C(=O)N1(C)C(=O)C[C@@H](CS)[C@@H](CCC(=O)N)C(=O)N[C@@H](CCSC)C(=O)N[C@@H](CS)C(=O)N[C@@H](CC(=CN2)C1=C2C=CC=C1)C(=O)N[C@H](C)C(=O)N[C@@H](CS)C(=O)N[C@@H](CCSC)C(=O)N[C@@H](CC(=O)O)C(=O)N[C@@H](CCCCN)C(=O)N[C@@H](CCSC)C(=O)N[C@@H](CC(=O)O)C(=O)N[C@@H](CC1=CN=C=CCN1)C(=O)N[C@@H](CCC(=O)O)C(=O)N[C@H](C)C(=O)N[C@@H](CC(=CN2)C1=C2C=CC=C1)C(=O)N[C@@H](Cc1ccc(cc1)C(=O)c1ccccc1N)C(=O)N[C@@H](CCC(=O)N)C(=O)N[C@@H](CC)3)C(=O)N[C@@H](CN=[N+]=N)C(=O)N[C@@H](C(C)C)C(=O)N[C@@H]([C@H](CC)C)C(=O)N[C@H]([C@@H](CC)C)C(=O)N[C@@H]([C@@H](CC)C)C(=O)N[C@H]([C@@H](O)C)C(=O)N[C@@H](CC(=O)N)C(=O)N[C@@H](Cc1cccc(C#N)c1)C(=O)N[C@@H](CO)C(=O)N[C@@H](Cc1ccc(O)cc1)C(=O)N[C@@H](CO)C(=O)N[C@@H](N(O)C)C(=O)N[C@@H](CC(C)C)C(=O)N[C@@H](CCCCN)C(=O)N[C@@H](CCC(=O)N)C(=O)N[C@@H](CS)C(=O)N[C@@H](C(C)C)C(=O)NCC(=O)N[C@@H](CC[S@](=O)C)C(=O)N[C@H](C(C)C)C(=O)N[C@@H](CCC(=O)N)C(=O)N[C@@H](CN)C(=O)N[C@@H](CCC(=O)N)C(=O)N[C@@H](C(C)C)N[C@@H](CCC(=O)N)C(=O)N[C@@H](CC(F)F)C(=O)N[C@@H](CC1=CN=C-N1)C(=O)N[C@@H](CCC)C(=O)NCC(=O)N[C@H](CC(C)C)C(=O)NC,-0.14079027,0.414
N3[C@@H](Cc1ccc(O)cc1)C(=O)N[C@@H](CC(=O)O)C(=O)N[C@@H](CCCNC(=N)N)C(=O)N[C@@H](C)C(=O)N[C@@H](C)C(=O)NCC(=O)N[C@H](CC1=CN=C-N1)C(=O)N[C@@H](CCC(=O)O)C(=O)N[C@@H]([C@H](O)C)C(=O)N[C@@H](CC[C@@H]1C=C[C@@H](C=C1)N)C(=O)N[C@H](CCCCN)C(=O)N[C@@H](CC1=CN=C-N1)C(=O)N[C@@H](C(O)(C)C)C(=O)N[C@@H](C(C)C)C(=O)N[C@@H](CCCNC(=N)N)C(=O)N[C@@H](CC1=CN=C-N1)C(=O)N[C@@H](C)C(=O)N[C@@H](CS)C(=O)NCC(=O)NCC(=O)N[C@H](CCC(=O)O)C(=O)N[C@@H](CC1=CN=C-N1)C(=O)N[C@@H](Cc1ccc(O)cc1)C(=O)N[C@@H](Cc1ccccc1)C(=O)N[C@@H](Cc1cNc2c1ccc(c2)F)C(=O)N[C@@H](C)C(=O)N[C@H](CC(=O)N)C(=O)N[C@@H](CC1=CN=C-N1)C(=O)N[C@@H]([C@H](CC)C)C(=O)N[C@@H](CO)C(=O)N[C@@H]([C@H](CC)C)C(=O)N[C@@H](CC(=O)O)C(=O)N[C@@H](CCCCN)C(=O)NCC(=O)N[C@@H](CCCCNOCCOCCOCCOCCOC)C(=O)N[C@@H](CCCNC(=N)N)C(=O)N[C@@H](Cc1ccccc1)C(=O)N[C@H](Cc1c2ccccc2cc2c1cccc2)C(=O)N[C@@H](CO)C(=O)N[C@@H](CCCNC(=N)N)C(=O)NCC(=O)N[C@@H](C)C(=O)N[C@@H](CO)C(=O)N[C@@H](CCCCN)C(=O)N[C@@H](CC(C)C)C(=O)N[C@@H](C)C(=O)N[C@@H](CS)C(=O)N[C@@H](CCCNC(=N)N)C(=O)N[C@@H](c1cc(O)cc(c1)O)C(=O)NCNCC(=O)N[C@@H](CC(=CN2)C1=C2C=CC=C1)C(=O)N[C@@H](c1cc(O)cc(c1)O)C(=O)N[C@@H](C)C(=O)N[C@@H](Cc1c[nH]c2c1cccc2O)C(=O)N[C@@H](CC(=O)NC)C(=O)N[C@@H](CO)C(=O)N1[C@@H](CCC1)C(=O)N1[C@@H](CCC1)C(=O)NCC(=O)N[C@@H](c1ccc(cc1)C(F)(F)F)C(=O)N1[C@@H](CCC1)C(=O)N[C@@H](CCccccc1)C(=O)N1[C@@H](CCC1)C(=O)N[C@H](C(F)F)C(=O)N[C@@H](CC(=O)O)C3(=O),-0.14759172,0.434
N3[C@@H](Cc1ccccc1)C(=O)N[C@@H](CO)C(=O)N[C@@H](C(C)C)C(=O)N[C@@H](CC(=O)N)C(=O)NCC(=O)N[C@H](CCCCN)C(=O)N[C@@H](CCCCN)C(=O)N[C@@H](CCSC)C(=O)N[C@@H](CCCNC(=N)N)C(=O)N[C@@H](CCCCN)C(=O)NCC(=O)N[C@H](CCCCNC(N)N)C(=O)N[C@@H](CC(=O)N)C(=O)NCC(=O)N[C@@H](CC(=O)N)C(=O)N[C@@H]([C@H](O)C)C(=O)N[C@@H](CC(=O)NC)C(=O)N[C@@H](CO)C(=O)N[C@@H](Cc1ccc(O)cc1)C(=O)N[C@@H](C(C)C)C(=O)N[C@@H](Cc1ccc(cc1))C(=O)N[C@@H](CCC(=O)O)C(=O)N[C@@H](Cc1ccccc1)C(=O)N[C@@H](CCC(=O)O)C(=O)N[C@@H](CS)C(=O)N[C@@H](CCCNC(=N)N)C(=O)N[C@@H](CC(=O)O)C(=O)N[C@@H](Cc1ccccc1)C(=O)N[C@@H](C(CC(C)(C)C)C(=O)N[C@@H](Cc1ccccc1)C(=O)N[C@@H](CCCCN)C(=O)N[C@@H](CC(C)C)C(=O)N[C@@H](Cc1ccc(O)cc1)C(=O)N1[C@@H](CCC1)C(=O)N[C@@H](CS)C(=O)N[C@@H](CC1=CN=C-N1)C(=O)NCC(=O)N[C@H]([C@@H](O)C(C)C)C(=O)N[C@@H](CCC(=O)NC)C(=O)N[C@@H](CCC(=O)NC)C(=O)N[C@@H](CCC(=O)O)C(=O)N[C@@H](CCCCN)C(=O)N[C@@H](C1)C(=O)N[C@@H](CO)C(=O)NCC(=O)N[C@@H](CCSC)C(=O)N[C@H](CCCNC(=N)N)C(=O)N[C@@H](CS)C(=O)N[C@@H](C)C(=O)N[C@@H](CC1=CN=C-N1)C(=O)N[C@@H](C)C(=O)N[C@@H](CC(C)C)C(=O)N[C@@H](C)C(=O)N[C@H]([C@@H](O)C)C(=O)N[C@@H](CC1=CN=C-N1)C(=O)N[C@@H](C)C(=O)N[C@@H](CCC(=O)N)C(=O)N[C@@H](CS)C(=O)NCC(=O)N[C@@H](CCC(=O)O)C(=O)N[C@@H](CCCCNOCCOC)C(=O)N[C@@H](CCC(=O)N)C(=O)N[C@H](CCSC)C(=O)N[C@@H](CC1=CN=C-N1)C(=O)N[C@@H](CC(=O)O)C(=O)N[C@@H]([C@H](CC)C)C(=O)N[C@@H](CCC(=O)O)C(=O)N[C@@H](CC(C)C)C(=O)N[C@@H](CC(=CN2)C1=C2C=CC=C1)C(=O)N[C@H]([C@@H](O)C)C(=O)N1[C@H](CCC1)C3(=O),-0.14997225,0.441
N[C@@H](C)C(=O)N[C@@H]([C@H](O)C)C(=O)NCC(=O)N[C@H](CCC(=O)N)C(=O)N[C@@H](C)C(=O)N[C@@H](CC(C)C)C(=O)N[C@@H](C)3N[C@@H](CCSC)C(=O)N1[C@@H](CCC1)C(=O)N[C@@H](C)C(=O)N[C@@H](Cccccc1C(=O)N)C(=O)N[C@@H](CO)C(=O)N[C@@H](Cc1ccccc1)C(=O)N[C@@H](C)C(=O)NCC(=O)N[C@@H](C)C(=O)N[C@@H](Cc1ccccc1)C(=O)N[C@@H](CCCCN)C(=O)N[C@@H](CS)C(=O)N[C@H](Cc1ccccc1)C(=O)N[C@@H](CCSC)C(=O)N[C@@H](C)C(=O)N1[C@@H](CCC1)C(=O)NCC(=O)N[C@@H](Cc1ccccc1)C(=O)N[C@@H](CCC(=O)O)C(=O)NCC(=O)N[C@@H](CCCNC(=N)N)C(=O)N[C@@H](CCC(=O)N)C(=O)N[C@H](CCCCN)C(=O)N[C@H](CCC(=O)(C(=O)N[C@@H](c1cc(O)cc(c1)O)C(=O)N[C@@H](CCC(=O)N)C(=O)N[C@@H](C[C@H](C)C3)C(=O)N[C@@H](C(C)C)C(=O)NCC(=O)N[C@@H](CCSC)C(=O)N[C@@H](CO)C(=O)N[C@@H](CC(C)C)C(=O)N[C@@H](Cc1ccc(cc1)N)C(=O)N1[C@@H](CCC1)C(=O)N[C@@H](CCC(=O)O)C(=O)N[C@@H](CCCCC)C(=O)N[C@@H](CCCCN)C(=O)N[C@@H](Cc1ccccc1)C(=O)N[C@@H](C(C)C)C(=O)N[C@@H](CC(=O)O)C(=O)N[C@@H](CC1=CN=C-N1)C(=O)N[C@@H](CC(=CN2)C1=C2C=CC=C1)C(=O)N[C@@H](CC(=O)O)C(=O)N[C@@H]([C@H](O)C)C(=O)N[C@@H](Cc1ccc(O)cc1)C(=O)N[C@@H](CC(C)C)C(=O)N[C@@H](Cc1ccccc1)C(=O)N[C@@H]([C@H](CC)C)C(=O)N[C@@H](CC1=CN=C-N1)C(=O)N1[C@@H](CCC1)C(=O)N[C@@H](CO)C(=O)N[C@H](CC(=O)N)C(=O)N[C@@H](CCC(=O)NC)C(=O)N[C@@H](C)C(=O)N[C@@H]([C@H](O)C)C(=O)N[C@@H](CCC(=O)O)C(=O)N[C@@H](C1CCCCC1)C(=O))C(=O)N[C@@H](CO)C(=O)N[C@H](CCCNC(=N)N)C(=O)N[C@@H](C)C(=O)N[C@@H]([C@H](O)C)(Cccccc1)[C@@H](C(CC)C)C(=O)N[C@@H](Cc1c[nH]c2c1c(F)ccc2)C(=O)N[C@@H]([C@H](CC)C)C(=O)N[C@@H](CCCCN)C(=O)O,-0.15235275,0.448
NCC(=O)NCC(=O)N[C@@H](CC(=CN2)C1=C2C=CC=C1)C(=O)N[C@@H](Cc1cNc2c1cccc2Cl)C(=O)N[C@@H]([C@H](CC)C)C(=O)N1[C@@H](CCC1)C(=O)N[C@H](CNC(N)N)C(=O)NCC(=O)N[C@@H](CO)C(=O)N[C@@H]([C@H](O)C)C(=O)N[C@@H](CCSC)C(=O)N[C@@H](CC1=CN=C-N1)C(=O)N[C@@H](CO)C(=O)N[C@@H](CC1=CN=C-N1)C(=O)N[C@@H](CCl)C(=O)NCC(=O)N[C@@H](C(C)C)C(=O)N[C@@H](CC(C)C)C(=O)N[C@@H](CCC(=O)N)C(=O)N[C@H](C(C)C)C(=O)N[C@@H](CCCNC(=N)N)C(=O)N[C@@H](CC1=CN=C-N1)C(=O)NCC(=O)N[C@@H](CCSCC)C(=O)N1[C@@H](CCC1)C(=O)NCC(=O)N[C@@H](CC(C)C)C(=O)N[C@@H](CC1=CN=C-N1)C(=O)N[C@@H](CS)C(=O)N[C@@H](CCCCN)C(=O)NCC(=O)N[C@@H](C)C)C(=O)N[C@@H](CS)C(=O)N[C@@H](CC(=O)O)C(=O)NCC(=O)N[C@@H]([C@H](CC)C)C(=O)N[C@@H](C)C(=O)N[C@@H](CCC(=O)N)C(=O)N[C@@H](C(C)C)C(=O)N[C@@H](CC(=O)O)C(=O)N[C@@H](CO)C(=O)N)C(=O)[C@@H](C2(=O))C(=O)N[C@@H](Cc1cnc(F)N1)C(=O)N[C@H](CS)C(=O)N[C@@H](CS)C(=O)N[C@@H](CO)C(=O)N[C@@H](CS)C(=O)NCC(=O)N[C@@H](CCSC)C(=O)N[C@@H](C)C(=O)N[C@@H](C(C)C)C(=O)N[C@@H](CCCCN)C(=O)N1[C@@H](CCC1)C(=O)N1[C@H](CCC1)C(=O)N[C@@H](C[SeH])C(=O)N[C@@H](CCCNC(=N)N)C(=O)N[C@@H](CCCNC(=N)N)C(=O)N[C@@H](CC(=O)N)C(=O)N[C@@H](Cc1ccccc1)C(=O)N[C@@H](CCCNC(=N)N)C(=O)NCC(=O)NCC(=O)N[C@@H](CC1=CN=C-N1)C(=O)N[C@@H](CC(=O)N)C(=O)N1[C@@H](CCC1)C(=O)N[C@@H](C)C(=O)N[C@@H](C(C)C)C(=O)N1[C@@H](CCC1)C(=O)NCC(=O)N[C@@H](CCCNC(=N)N)C(=O)NCC(=O)N[C@@H]([C@H](CC)C)C(=O)N[C@@H](Cc1ccccc1)C(=O)N[C@@H](C=C)C(=O)N[C@@H](CCCNC(=N3)N)C(=O)NCC(=O)O,-0.1530329,0.45
N3[C@@H]CCCNC(N)N)C(=O)C)C(=O)N[C@@H](CCCCN)C(=O)NCC(=O)NCC(=O)N[C@@H](C(C)C)C(=O)N[C@@H](CCSC)C(=O)N[C@@H](C(C)C)C(=O)N[C@@H](C)C(=O)N[C@H](CO)C(=O)N[C@@H](CO)C(=O)N[C@@H](Cc1ccccc1)C(=O)N[C@@H](CO)C(=O)N[C@@H](CCC(=O)N)C(=O)N[C@@H](C(C)C)C(=O)N[C@@H](CCSC)C(=O)N[C@H](Cc1ccc(cc1))C(=O)N[C@@H](CC(C)C)C(=O)NCC(=O)N[C@@H](C(C)C)C(=O)NCC(=O)N[C@@H](CCC(=O)N)C(=O)N[C@H](CS)C(=O)N[C@@H](CC(=O)N)C(=O)N[C@H](CC1=CN=C-N1)C(=O)N[C@@H](CS)C(=O)N[C@@H](Cc1ccc2c(n1)cccc2)C(=O)N[C@@H](CCSC)C(=O)N[C@@H]([C@H](CC)C)C(=O)N[C@@H](CC(=CN2)C1=C2C=CC=C1)C(=O)N[C@@H]([C@H](O)C)C(=O)N[C@@H](CCCCN)C(=O)N[C@@H](CCSC)C(=O)N[C@@H](CC(=O)O)C(=O)N[C@@H](CC(=O)N)C(=O)NCC(=O)N[C@@H](CC(=O)N)C(=O)N[C@@H](CS)C(=O)N[C@@H](CC(C)C)C(=O)N[C@@H](C[C@@H](C))C(=O)N[C@@H](C(C)C)C(=O)N[C@@H](CCSC)C(=O)N[C@@H](CC(C)C)C(=O)N[C@@H](CO)C(=O)N[C@@H](CC(=O)N)C(=O)N[C@@H](CC(=O)O)C(=O)N[C@@H]([C@H](O)C)C(=O)N[C@@H](C(C)C)C(=O)N[C@@H]([C@H](O)C)C(=O)NCC(=O)N[C@@H](c1cccc(c1)F)C(=O)N[C@@H]([C@H](CC)C)C(=O)N[C@@H](CCSC)C(=O)N[C@@H](Cc1ccc(O)cc1)C(=O)N[C@@H](CCCCN)C(=O)N[C@@H](CO)C(=O)N[C@@H](CCSC)C(=O)NCC(=O)N[C@@H](CCccc(cc1)C(=N)N)C(=O)N1[C@H](CCC1)C(=O)N[C@@H]([C@H](O)C)C(=O)N[C@@H](CS)C(=O)N[C@@H](C(C)C)C(=O)N[C@@H](CS)C(=O)N[C@@H](CCC(=O)O)C(=O)NCC(=O)N[C@@H](C(C)C)C(=O)NCC(=O)N[C@@H](CCC(=O)N)C(=O)NCC(=O)N[C@H](Cc1ccc(OC)cc1)C(=O)N[C@@H]([C@H](O)C)N[C@@H]([C@H](CC)C)C(=O)N[C@@H](CO)C(=O)N[C@@H](CCSC)C(=O)N[C@@H](CCC(=O)N)C(=O)N[C@@H](CCCCCCNOCCOCCOC)C(=O)NCC3(=O),-0.17173691,0.505
N3[C@H]([C@@H](O)C)C(=O)N[C@@H](CCCCN)C(=O)N[C@@H](CC1=CN=C-N1)C(=O)N[C@@H](CC(=O)O)C(=O)N[C@@H](CO)C(=O)N[C@@H](CS)C(=O))C(=O)N[C@@H](CCC(=O)O)C(=O)NCC(=O)N[C@H](Cc1ccccc1)C(=O)N[C@@H](C(C)C)C(=O)N[C@@H](CCCCNOCCOCCOCCOC)C(=O)N[C@H](CO)C(=O)N[C@@H](CCC(=O)N)C(=O)N[C@@H](Cc1ccccc1)C(=O)N[C@@H](CCCNC(=N)N)C(=O)N[C@H](Cc1ccc(O)cc1)C(=O)N[C@@H](CO)C(=O)N[C@@H](Cc1ccc(cc1)C)C(=O)N[C@@H](CCC)C(=O)N[C@@H](Cc1ccc(O)cc1)C(=O)N[C@@H](CCC(=O)N)C(=O)N[C@@H](CCC(=O)N)C(=O)N[C@@H](CS)C(=O)N[C@@H](CC(=O)N)C(=O)N[C@@H](CC1=CN=C-N1)C(=O)N1[C@@H](CCC1)C(=O)N[C@@H](Cc1ccc(O)cc1)C(=O)N[C@@H](CCCNC(=N)N)C(=O)N[C@@H](Cc1ccccc1)C(=O)N[C@@H](CC(=O)N)C(=O)N[C@@H](CCCNC(=N)N)C(=O)N[C@@H](CCC(=O)N)C(=O)N[C@@H](CC(=CN2)C1=C2C=CC=C1)C(=O)N[C@@H](CCC(=O)N)C(=O)N[C@@H](CC(=O)O)C(=O)N[C@@H](Cc1ccc(cc1)C(=N)N)C(=O)N[C@@H](CC(=O)O)C(=O)N[C@@H](CCCCN)C(=O)N[C@@H](CCC(=O)O)C(=O)N[C@@H](Cc1ccc2c(c1)cccc2)C(=O)N[C@@H](Cc1ccc(O)cc1)C(=O)N[C@@H](C(C)(C)C[S@@](C)=O)C(=O)N[C@@H](CCC(=O)N)C(=O)N[C@@H](CC(=O)N)C(=O)N[C@@H](CS)C(=O)N[C@@H](C(C)C)C(=O)N[C@@H](CCCNC(=N)N)C(=O)N[C@@H](CSCc1ccccc1)C(=O)N[C@H](CC(C)C)C(=O)N[C@@H](CC(=O)O)C(=O)N[C@H]([C@@H](CC)C)C(=O)N[C@@H](CO)C(=O)N[C@@H](C(C)C)C(=O)N[C@@H](CCCNC(=N)N)C(=O)N[C@@H](CC(=O)N)C(=O)N[C@@H](CC(=O)O)C(=O)N[C@@H](C[C@@H](C(=O)C(=O)O)C(=O)N[C@@H](CCSC)C(=O)N[C@H](CCC(=O)O)C(=O)N1[C@@H](CC1)C(=O)N[C@@H](CCC(=O)N)C(=O)N[C@@H]([C@H](CC)C)C(=O)N[C@@H](C(F)(C)C)C(=O)N[C@@H](C(C)C)C3(=O),-0.17751817,0.522
N3[C@@H](C(C)C)[C@H](Cc1ccc(O)cc1)C(=O)N[C@@H]([C@H](CC)C)C(=O)N[C@@H](CC(C)C)C(=O)N[C@@H](Cc1ccccc1)C(=O)N[C@@H]([C@H](CC)C)C(=O)NCC(=O)N[C@@H](CCC(=O)O)C(=O)N[C@@H](CCCNC(=N)N)C(=O)N[C@@H]([C@H](O)C)C(=O)N[C@H](CS)C(=O)N[C@@H](CC(=O)O)C(=O)N[C@@H](C[C@@H](O)CN=C(N)N)C(=O)N1[C@@H](CCC1)C(=O)N[C@@H](C(C)C)C(=O)N[C@@H](CC(=O)O)C(=O)N[C@H](CCC(=O)N)C(=O)N[C@H](CC(=O)O)C(=O)N[C@@H]([C@H](O)C)C(=O)N[C@@H](CS)C(=O)N[C@@H](CC(=O)O)C(=O)N[C@@H](C(C)C)C(=O)N[C@@H](CC1=CN=C-N1)C(=O)N[C@@H](CS)C(=O)N[C@@H](CC(=O)O)C(=O)N[C@@H](CC(C)C)C(=O)N[C@@H](c1ccc(cc1)F)C(=O)N[C@@H](CCC(=O)N)C(=O)N[C@@H]([C@H](O)C)C(=O)N[C@H](CCC(=O)O)C(=O)NCC(=O)N[C@@H](CCC(=O)NO)C(=O)N[C@@H](CCCNC(=N)N)C(=O)N[C@H](CC(=O)O)C(=O)NCC(=O)N[C@@H](C(C)C)C(=O)N[C@@H](CCCCN)C(=O)N[C@@H](CCCCN)C(=O)N[C@@H]([C@H](O)C)C(=O)N[C@@H]([C@H](CC)C)C(=O)N[C@@H](CO)C(=O)N[C@@H](CCCNC(=N)N)C(=O)N[C@@H]([C@H](O)C)C(=O)N[C@@H](CCCCN)C(=O)N[C@@H](CCC(=O)N)C(=O)N[C@@H](CCCCN)C(=O)N[C@@H](CC(C)C)C(=O)NCC(=O)NCC(=O)N[C@@H](CC(=CN2)C1=C2C=CC=C1)C(=O)N[C@@H](CCCCN)C(=O)N[C@@H](Cc1ccccc1)C(=O)N[C@@H](C[C@H](C(=O)O)C)C(=O)N[C@@H](CS)C(=O)N[C@@H](Cc1cccc(c1)C(=N)N)C(=O)N[C@@H]([C@H](CC)C)C(=O)N[C@@H](CC(=O)O)C(=O)N[C@@H](CC(C)C)C(=O)N[C@@H](C(C)C)C(=O)N[C@@H](CS)C(=O)N[C@@H](CCCNC(=S)N)C(=O)N[C@@H](CCCNC(=N)N)C(=O)N[C@@H](CC(C)C)C(=O)N[C@@H](CC(=O)O)C(=O)N[C@@H]([C@H](O)C)C(=O)N[C@@H](CCCN)C(=O)N[C@@H](C[C@H](O)C(=O)O)C(=O)N[C@@H](C)C(=O)N[C@@H](CCC(=O)N)C(=O)N[C@@H]CC3(=O),-0.17751817,0.522
N3[C@@H](CC(=CN2)C1=C2C=CC=C1)C(=O)N[C@@H](Cc1ccc(O)cc1)C(=O)N1[C@@H](CCC1)C(=O)N[C@H](CS)C(=O)N[C@@H]([C@H](O)CO)C(=O)N[C@@H](C(C)C)C(=O)N[C@H](C)C(=O)N[C@@H](CC(=O)O)C(=O)N[C@@H](CS)C(=O)NCC(=O)N[C@@H](Cc1ccccc1)C(=O)N[C@@H](CC(C)C)C(=O)N[C@H](CCSC)C(=O)N[C@@H](CS)C(=O)N[C@@H](CC1=CN=C-N1)C(=O)N[C@@H](CS)C(=O)N[C@@H](CCSC)C(=O)N[C@@H](C(C)C)C(=O)N[C@@H](CC(=O)N)C(=O)N[C@@H](CCC(=O)O)C(=O)N[C@@H](CCSC)C(=O)N[C@@H](CC(=O)N)C(=O)N[C@H](CCCNC(=N)N)C(=O)N[C@@H](CCCCNC(N)N)C(=O)N[C@@H](CO)C(=O)N[C@@H](CS)C(=O)N[C@@H](CCCNC(=N)N)C(=O)NCC(=O)N[C@@H](CCSC)C(=O)N[C@@H](C(C)C)C(=O)N[C@@H](CCC(=O)O)C(=O)N[C@@H](CCC(=O)O)C(=O)N[C@@H](Cc1ccc(O)cc1)C(=O)N[C@@H](C(C)C)C(=O)NCC(=O)N[C@@H](CC(C)C)C(=O)N[C@@H](C(C)C)C(=O)N[C@@H](CC(=O)N)C(=O)N[C@@H](CCS(=O)(=O)C)C(=O)N1[C@@H](CCC1)C(=O)N1[C@@H](CCC1)C(=O)N[C@@H](Cc1ccc(O)cc1)C(=O)N[C@@H](Cc1c(O)[nH]c2c1cccc2)C(=O)N[C@@H](Cc1ccccc1)C(=O)N1[C@@H](CCC1)C(=O)N[C@@H](CO)C(=O)N[C@@H](CC(C)C)C(=O)N[C@@H](CO)C(=O)N[C@@H](C)C(=O)N[C@@H](CCC(=O)O)C(=O)N[C@@H]([C@H](O)C)C(=O)N[C@@H](CCC(=O)N)C(=O)N[C@@H](CCSC)C(=O)NCC(=O)N[C@@H](CS)C(=O)N[C@@H](CCC(=O)O)C(=O)N[C@@H](CC(C)C)C(=O)N[C@@H]([C@H](O)C)C(=O)N[C@H]([C@@H](O)C)C(=O)N[C@@H](C)C(=O)N[C@@H](c1ccc(cc1)F)C(=O)N[C@@H](C(O)O)C(=O)N[C@@H](CS)C(=O)N[C@@H](CS)C(=O)N[C@@H](C(C)C)C(=O)N[C@@H](C[C@H](F)C(=O)O)C(=O)N[C@@H](CCC(=O)O)C(=O)N[C@@H](CCC(=O)N)C(=O)N[C@@H](CCCNC(=N)N)C(=O)N[C@H](CS)C(=O)N[C@@H](CO)C3(=O),-0.20234351,0.595
N3[C@@H](CO)C(=O)N[C@@H](CCCCN)C(=O)N[C@@H]([C@H](CC)C)C(=O)N[C@@H](C(C)C)C(=O)N[C@@H]([C@H](O)C)C(=O)N[C@@H](CO)C(=O)N[C@@H](C(C)C)C(=O)N[C@@H](CS)C(=O)N[C@@H](CCC(=O)O)C(=O)N[C@@H]([C@H](O)C)C(=O)N[C@@H](C)C(=O)N[C@@H](CC(C)C)C(=O)NCC(=O)N[C@@H](Cc1ccccc1)C(=O)N[C@@H](C(=CN2)C1=C2C=CC=C1)C(=O)N[C@@H](Cc1ccccc1)C(=O)N[C@@H](CCSC)C(=O)N[C@@H](CCSC)C(=O)N[C@@H](CS)C(=O)N[C@H](CS)C(=O)N[C@@H]([C@H](O)CCl)C(=O)N[C@@H](CC(=O)O)C(=O)N[C@@H]([C@H](CC)C)C(=O)N[C@H](CCSC)C(=O)N[C@@H](C)C(=O)N[C@@H](CCC(=O)O)C(=O)NCC(=O)N[C@H](Cc1ccc(O)cc1)C(=O)N[C@@H](CC(=O)O)C(=O)NCC(=O)N[C@@H](CC(=O)O)C(=O)N[C@@H](CCCCN)C(=O)N[C@@H](CC1CCCC1)C(=O)N[C@@H](C)C(=O)N[C@H]([C@@H](O)C)C(=O)N[C@H](CC(=CN2)C1=C2C=CC=C1)C(=O)N[C@@H]([C@H](CC)C)C(=O)N[C@@H](c1ccc(cc1)O)C(=O)NCC(=O)N[C@@H](CC(C)C)C(=O)N[C@@H](CS)C(=O)N[C@@H]([C@H](O)C)C(=O)N[C@@H](CC(=O)N)C(=O)N[C@H](CO)C(=O)N[C@@H](Cc1cc(I)c(c(c1)I)O)C(=O)N[C@@H](c1cccc(c1)F)C(=O)N[C@@H](CCCNC(=N)N)C(=O)N[C@@H](Cc1cNc2ccc(OC)cc12)C(=O)N[C@@H](Cc1ccc(cc1)C(=O)N[C@@H](CC1=CN=C-N1)C(=O)NCC(=O)N[C@@H](CC(=O)N)C(=O)N[C@@H](CO)C(=O)N[C@@H](CC(C)C)C(=O)N[C@@H](CCCCN)C(=O)N[C@@H](CC(=CN2)C1=C2C=CC=C1)C(=O)NCC(=O)N[C@@H](Cc1ccccc1)C(=O)N[C@@H](CC(=CN2)C1=C2C=CC=C1)C(=O)N[C@@H](CCSC)C(=O)N[C@@H](CC(=O)O)C(=O)N[C@@H](CC(=CN2)C1=C2C=CC=C1)C(=O)N[C@@H](CCC(=O)O)C(=O)N[C@@H](Cc1ccccc1)C(=O)N[C@@H](CCCCN)C(=O)N[C@@H](C)C(=O)NCC3(=O),-0.20268358,0.596
N3[C@@H](CC(=CN2)C1=C2C=CC=C1)C(=O)N[C@@H](CO)C(=O)N[C@@H](CCSC)C(=O)N[C@@H](Cc1ccc(O)cc1)C(=O)N[C@@H](CCC(=O)O)C(=O)N[C@@H](Cc1ccc(O)cc1)C(=O)N[C@@H](CS)C(=O)N[C@@H](CCC(=O)O)C(=O)NCC(=O)N[C@H]([C@@H](O)c1ccccc1)C(=O)N[C@@H](Cc1ccc(O)cc1)C(=O)N[C@@H](Cc1ccc(cc1)Cl)C(=O)N[C@H](CCSC)C(=O)N[C@@H](CO)C(=O)N[C@@H](C)C(=O)NCC(=O)N[C@@H](CCSC)C(=O)N[C@@H](CCCCN)C(=O)N[C@@H](CS)C(=O)N[C@@H](C)C(=O)N[C@@H](CC=Cc1ccccc1)C(=O)N[C@@H](C(CC)CC)C(=O)NCC(=O)N[C@@H](C(C)C)C(=O)N[C@@H](C(C)C)C(=O)NCC(=O)N[C@@H](C(C)C)C(=O)N[C@@H](CC(C)C)C(=O)N[C@@H](CCCCN)C(=O)NCC(=O)N[C@@H](Cc1ccc(O)cc1)C(=O)N[C@@H](CS)C(=O)N[C@@H](CCSC)C(=O)N[C@@H](C(C)C)C(=O)N[C@@H](CCC(=O)O)C(=O)N[C@@H](Cc1ccccc1)C(=O)N[C@@H](C)C(=O)N[C@@H](CO)C(=O)N[C@@H](CCSC)C(=O)N[C@H](C)C(=O)N[C@@H](CO)C(=O)N[C@@H](CO)C(=O)N[C@@H](C(C)C)C(=O)N[C@H](Cc1cccc(c1)Cl)C(=O)N[C@@H](CC(C)C)C(=O)N[C@@H](CO)C(=O)N[C@@H](CC1=CN=C-N1)C(=O)N1[C@@H](CCC1)C(=O)N[C@@H](Cc1ccc(cc1)C)C(=O)N[C@@H](C)C(=O)N[C@@H](C(C)C)C(=O)N[C@@H]([C@H](O)C)C(=O)N[C@@H](CO)C(=O)N[C@@H](C(C)C)C(=O)NCC(=O)N[C@@H](CCC(=O)N)C(=O)N[C@@H](CCC(=O)O)C(=O)N[C@@H](CC(=CN2)C1=C2C=CC=C1)C(=O)N[C@@H](CC(=O)O)C(=O)N[C@H](Cc1ccccc1)C(=O)N[C@@H](CC[S@](=O)C)C(=O)N[C@@H](CC(=O)O)C(=O)N[C@@H]([C@H](CC)C)C(=O)NCC(=O)N[C@@H](C[C@H]C(=O)NO)C(=O)N[C@@H](Cc1ccccc1)C(=O)NCC(=O)N[C@H](CO)C(=O)N[C@@H]([C@H](O)C)C(=O)N[C@@H](Cc1ccc(O)cc1)C(=O)N[C@@H]([C@H](O)C)C(=O)N[C@@H](Cc1ccccc1)C(=O)N[C@@H](CC(C)C)C(=O)N[C@@H](CC(=O)N)C(=O)N[C@@H](C,-0.20914496,0.615
N3[C@@H](C)C(=O)N[C@@H](Cc1cnc2c(n1)cccc2)C(=O)N1[C@@H](CCC1)C(=O)N[C@@H](C)C(=O)N[C@H](CC(=CN2)C1=C2C=CC=C1)C(=O)N[C@@H](CCCCN)C(=O)N[C@@H](CC1=CN=C-N1)C(=O)N[C@@H](CSCC(=O)O)C(=O)N[C@@H](CC1=CN=C-N1)C(=O)N[C@@H](C(C)C)C(=O)N[C@@H](CN)C(=O)N[C@@H](CC1=CN=C-N1)C(=O)N1[C@@H](CCC1)C(=O)NCC(=O)N[C@@H](CC1=CN=C-N1)C(=O)NCC(=O)N[C@@H](Cc1ccc(OC)cc1)C(=O)N[C@@H](CC1=CN=C-N1)C(=O)N[C@@H](CCCNC(=N)N)C(=O)N[C@@H](CC(C)C)C(=O)N[C@@H](CC(C)C)C(=O)N[C@@H](CCSC)C)C(=O)N[C@H]([C@@H](O)C)C(=O)N[C@@H](CC(C)C)C(=O)N[C@H](CC(C)C)C(=O)N[C@@H](Cc1ccc(O)cc1)C(=O)N[C@@H](CCC(=O)N)C(=O)N[C@@H](C)C(=O)N[C@@H](Cc1ccc(O)cc1)C(=O)N[C@H](CC(=CN2)C1=C2C=CC=C1)C(=O)N[C@@H](Cn1cccn1)C(=O)N[C@@H](CO)C(=O)N[C@@H](C)C(=O)N[C@@H](CC(=O)O)C(=O)N[C@@H](CS)C(=O)NCC(=O)N[C@H](CCCNC(=N)N)C(=O)N[C@@H](C(C)C)C(=O)N[C@@H](Cc1ccc(O)cc1)C(=O)N[C@@H](CC(C)C)C(=O)N[C@H](CO)C(=O)N[C@@H](CC(=O)N)C(=O)N[C@@H](CO)C(=O)N[C@@H](Cc1ccc(O)cc1)C(=O)N[C@@H]([C@H](O)C)C(=O)N[C@@H](C)C(=O)C(=O)N[C@@H](CC(=O)N)C(=O)N[C@@H](CC(C)C)C(=O)N[C@@H]([C@H](O)C)C(=O)N[C@@H](CC1=CN=C-N1)C(=O)N[C@@H](CCC(=O)N)C(=O)NCC(=O)N[C@@H](C)C(=O)N[C@@H](CCC(=O)O)C(=O)NCC(=O)N[C@@H](CC1=CN=C-N1)C(=O)N[C@@H](CCCNC(=N)N)C(=O)N[C@@H](C(C)C)C(=O)N[C@@H](CCSC)C(=O)N[C@@H](Cc1ccc(c(c1)O)O)C(=O)N[C@@H](c1ccc(cc1)F)C(=O)N[C@@H](Cc1ccccc1)C(=O)N[C@@H](CCC(=O)O)C(=O)N[C@@H](CO)C(=O)N[C@@H](CCSC)C3(=O),-0.21662658,0.637
N3[C@@H](CC(C)C)C(=O)N[C@H]([C@H](O)CCl)C(=O)N[C@@H](Cc1ccc(O)cc1)C(=O)NCC(=O)N[C@@H](CCCCN)C(=O)N[C@@H](CC1=CN=C-N1)C(=O)N[C@@H](CC(=O)N)C(=O)N[C@@H](CO)C(=O)N[C@@H](CC1=CNC)-N1)C(=O)N[C@@H](C)C(=O)N[C@@H](CCC(=O)NC)C(=O)NCC(=O)N[C@@H](CC1=CN=C-N1)C(=O)N[C@H](CCC)C(=O)N[C@@H](CCCNC(=N)N)C(=O)N[C@@H](CC(=O)O)C(=O)NCC(=O)N[C@@H](CS)C(=O)N[C@@H](CC(C)C)C(=O)N[C@@H](C(C)C)C(=O)N1[C@@H](CCC1)C(=O)N[C@@H](CCSC)C(=O)N[C@@H]([C@H](CC)C)C(=O)N[C@@H](CCCCN)C(=O)N[C@H](CC(=CN2)C1=C2C=CC=C1)C(=O)N[C@@H](Cc1ccc(cc1)Br)C(=O)N[C@@H](CC(=O)N)C(=O)N[C@@H](C(C)C)C(=O)NCC(=O)N[C@@H](Cc1ccccc1)C(=O)N[C@@H](CC1=CN=C-N1)C(=O)N[C@@H](CCC(=O)O)C(=O)N[C@@H](CC1=CN=C-N1)C(=O)N[C@@H](CC1=CN=C-N1)C(=O)N[C@@H](Cc1ccc(cc1)C(C)(C)C)C(=O)NCC(=O)N[C@H](CCCCN)C(=O)N[C@@H](CC1=CN=C-N1)C(=O)C)C(=O)N[C@@H](CCC(=O)N)C(=O)NCC(=O)N[C@@H](CC1=CN=C-N1)C(=O)N[C@@H](C(C)C)C(=O)N[C@@H](C(C)C)C(=O)N1[C@@H](CCC1)C(=O)N[C@@H](CC1=CN=C-N1)C(=O)N[C@H](CCCCN)C(=O)N[C@@H]([C@H](O)C)C(=O)N1[C@@H](CCC1)C(=O)N[C@@H](CC1=CN=C-N1)C(=O)N[C@@H](CC(=O)N)C(=O)N[C@@H]([C@H](O)C)C(=O)N[C@@H](CS)C(=O)N[C@@H](Cc1ccccc1)C(=O)N[C@@H](CC(C)C)C(=O)N[C@@H]([C@H](O)C)C(=O)NCC(=O)N[C@@H](CCCNC(=N)N)C(=O)N[C@@H](CCSC)C(=O)NC(C(=O)O)C(=O)C(=O)N[C@H](CS)C(=O)N[C@@H](CO)C(=O)N1[C@@H](CCC1)C(=O)N[C@@H](C(F)(F)F)C(=O)NCC(=O)N1[C@@H](CCC1)C(=O)N[C@@H](CC(C)C)C3(=O),-0.2213876,0.651
N1[C@@H](CCC1)C(=O)N[C@@H](CCC(=O)N)C(=O)N[C@@H](CO)C(=O)N[C@@H]([C@H](CC)C)C(=O)NCC(=O)N[C@@H](CCSC)C(=O)N[C@@H](C(C)C)C(=O)N1[C@@H](CCC1)C(=O)N[C@@H](CCCNC(=N)N)C(=O)N[C@@H](CS3)C(=O)N[C@@H]([C@H](O)C)C(=O)N[C@@H](CC1=CN=C-N1)C(=O)N[C@@H](Cc1ccccc1)C(=O)N[C@@H](COP(=O)(O)O)C(=O)N[C@H](CC(C)C)C(=O)N[C@@H](C(O)(C)C)C(=O)N[C@@H](CCC(=O)O)C(=O)N[C@@H](CC(=O)N)C(=O)N[C@@H]([C@H](C))C(=O)N[C@@H](CO)C(=O)N[C@@H]([C@H](CC)C)C(=O)N[C@@H](Cc1ccc(O)cc1)C(=O)N[C@@H](CC1=CN=C-N1)C(=O)N[C@@H](CO)C(=O)N[C@@H](CC1=CN=C-N1)C(=O)N[C@@H](C(C)C)C(=O)N[C@@H](CC1=CN=C-N1)C(=O)N[C@H](CCC(=O)O)C(=O)N[C@@H]([C@H](CC)C)C(=O)N[C@@H]([C@H](O)C)C(=O)N[C@@H](Cc1ccccc1)C(=O)N[C@@H](C(C)C)C(=O)N1[C@@H](CCC1)C(=O)N[C@@H]([C@H](CC)C)C(=O)N[C@@H](CO)C(=O)N[C@@H](C)C(=O)N[C@@H](CC(=O)N)C(=O)N[C@@H](CC(C)C)C(=O)N[C@@H](Cc1ccc(O)cc1)C(=O)N[C@@H](CCCNC(=N)N)C(=O)N[C@@H](CCC(=O)N)C(=O)NCC(=O)NCC(=O)N[C@@H](CS3)C(=O)N[C@H](C)C(=O)N[C@@H](C)C(=O)N[C@@H]([C@H](CC)C)C(=O)N[C@@H](Cc1c[nH]c2c1c(O)ccc2)C(=O)NCC(=O)N[C@@H](CCCCC)C(=O)N[C@@H]([C@H](CC)C)C(=O)N[C@@H](CC(=CN2)C1=C2C=CC=C1)C(=O)N[C@@H](CCC(=O)O)C(=O)N[C@H](Cc1ccc(O)cc1)C(=O)N[C@@H](C(C)C)C(=O)N[C@@H](CCSC)C(=O)N[C@@H](CC(=CN2)C1=C2C=CC=C1)C(=O)N[C@@H]([C@H](O)C)C(=O)N[C@@H](C(C)C)C(=O)N[C@@H](CC(=O)O)C(=O)N[C@@H](CC(=CN2)C1=C2C=CC=C1)C(=O)N[C@@H](c1ccccc1)C(=O)NCC(=O)N[C@H](CCCCN)C(=O)N[C@@H](CCC(=O)O)C(=O)N[C@@H](CN)C(=O)O,-0.22172767,0.652
N[C@H](CC(C)C)C(=O)N[C@@H](CCCNC(=N)N)C(=O)N[C@@H](CCC[C@H](C(=O)O)N)C(=O)N[C@@H](CCCCNOCCOCCOCCOCCOC)C(=O)N[C@@H](CC(=CN2)C1=C2C=CC=C1)C(=O)N[C@@H](CCC3(=O))C(=O)N[C@@H](C(C)C)C(=O)N[C@@H](Cc1ccccc1)C(=O)N[C@@H](CC1=CN=C-N1)C(=O)N[C@@H]([C@H](CC)C)C(=O)N1[C@@H](CCC1)C(=O)N[C@@H](CC[S@](=O)C)C(=O)N[C@@H](CC(=CN2)C1=C2C=CC=C1)C(=O)N[C@@H](CCCCN)C(=O)N[C@@H](CC(=O)N)C(=O)N[C@H]([C@@H](CC)C)C(=O)N[C@@H](Cc1ccc(O)cc1)C(=O)N[C@@H](CC(=CN2)C1=C2C=CC=C1)C(=O)N[C@@H](CCC(=O)O)C(=O)N[C@@H](Cc1ccccc1)C(=O)N[C@@H](CC(=O)N)C(=O)N[C@@H]([C@H](O)C)C(=O)N[C@H](CCSC)C(=O)N[C@H](CCSC)C(=O)N[C@@H]([C@H](CC)C)C(=O)N(CN[C@@H]([C@H](O)C)C(=O)N[C@@H](CC(=O)O)C(=O)N[C@@H](CCCCN)C(=O)N[C@@H](CCC(=O)N)C(=O)N[C@@H]([C@H](O)C)C(=O)N[C@@H](CCCNC(=N)N)C(=O)N[C@@H](CC(C)C)C(=O)N[C@H](CC)C(=O)N[C@@H](c1cc(O)cc(c1)O)C(=O)N[C@@H](CCC(=O)O)C(=O)N[C@@H](CO)C(=O)N[C@@H](Cc1ccc2c1(c1)nccc2)C(=O)N[C@H]([C@@H](CC)C)C(=O)N[C@@H](Cc1cccc(c1)O)C(=O)N[C@@H](Cc1ccccc1)C(=O)N[C@@H](CCC(=O)O)C(=O)NCC(=O)N[C@@H](CC(=O)N3)C(=O)N[C@@H](CS)C(=O)N[C@@H](CCCNC(=N)N)C(=O)N[C@@H](CS)C(=O)N[C@@H](CS)C(=O)N[C@@H](CCCCN)C(=O)N1[C@@H](CCC1)C(=O)N1[C@@H](CCC1)C(=O)N[C@@H](CCCCN)C(=O)N[C@@H](CCSC)C(=O)N[C@@H](Cc1ccc(cc1)N)C(=O)N[C@@H](CCC(=O)O)C(=O)N[C@@H](C)C(=O)N[C@@H](CCCNC(=N)N)C(=O)N[C@@H](Cc1ccc(O)cc1)C(=O)N[C@@H](CC(C)C)C(=O)N[C@@H](CCCNC(=N)N)C(=O)N[C@@H](Cc1ccccc1)C(=O)N[C@@H](C(C)C)C(=O)N[C@@H](C(C)C)C(=O)O,-0.22274788,0.655
